記錄時間,網站,層級,地區,關鍵時段內,網頁發佈時間,網頁有效時間,燈號_網頁,燈號_API,數值,補充說明,截圖檔名,狀態
2026-10-04 07:01:00,3_熱傷害,縣市,臺北市,否,,,警戒,,,由佐證檔復原（原紀錄於 10/6 被覆蓋）；縣市燈號取各區最高；資料檔 0701_熱傷害_臺北市資料.json,0701_熱傷害_臺北市.png,已截圖
2026-10-04 07:01:00,3_熱傷害,行政區,臺北市松山區,否,,,注意,,09:00 注意(33) / 12:00 無(30),由佐證檔復原（原紀錄於 10/6 被覆蓋）,0701_熱傷害_臺北市松山區.png,已截圖
2026-10-04 07:01:00,3_熱傷害,行政區,臺北市信義區,否,,,注意,,09:00 注意(33) / 12:00 無(29),由佐證檔復原（原紀錄於 10/6 被覆蓋）,0701_熱傷害_臺北市信義區.png,已截圖
2026-10-04 07:01:00,3_熱傷害,行政區,臺北市大安區,否,,,注意,,09:00 注意(32) / 12:00 注意(32),由佐證檔復原（原紀錄於 10/6 被覆蓋）,0701_熱傷害_臺北市大安區.png,已截圖
2026-10-04 07:01:00,3_熱傷害,行政區,臺北市中山區,否,,,注意,,09:00 注意(32) / 12:00 注意(32),由佐證檔復原（原紀錄於 10/6 被覆蓋）,0701_熱傷害_臺北市中山區.png,已截圖
2026-10-04 07:01:00,3_熱傷害,行政區,臺北市中正區,否,,,注意,,09:00 注意(32) / 12:00 注意(32),由佐證檔復原（原紀錄於 10/6 被覆蓋）,0701_熱傷害_臺北市中正區.png,已截圖
2026-10-04 07:01:00,3_熱傷害,行政區,臺北市大同區,否,,,注意,,09:00 注意(32) / 12:00 注意(32),由佐證檔復原（原紀錄於 10/6 被覆蓋）,0701_熱傷害_臺北市大同區.png,已截圖
2026-10-04 07:01:00,3_熱傷害,行政區,臺北市萬華區,否,,,注意,,09:00 注意(32) / 12:00 注意(32),由佐證檔復原（原紀錄於 10/6 被覆蓋）,0701_熱傷害_臺北市萬華區.png,已截圖
2026-10-04 07:01:00,3_熱傷害,行政區,臺北市文山區,否,,,警戒,,09:00 警戒(32) / 12:00 無(29),由佐證檔復原（原紀錄於 10/6 被覆蓋）,0701_熱傷害_臺北市文山區.png,已截圖
2026-10-04 07:01:00,3_熱傷害,行政區,臺北市南港區,否,,,注意,,09:00 注意(32) / 12:00 無(29),由佐證檔復原（原紀錄於 10/6 被覆蓋）,0701_熱傷害_臺北市南港區.png,已截圖
2026-10-04 07:01:00,3_熱傷害,行政區,臺北市內湖區,否,,,注意,,09:00 注意(33) / 12:00 無(30),由佐證檔復原（原紀錄於 10/6 被覆蓋）,0701_熱傷害_臺北市內湖區.png,已截圖
2026-10-04 07:01:00,3_熱傷害,行政區,臺北市士林區,否,,,注意,,09:00 注意(32) / 12:00 注意(32),由佐證檔復原（原紀錄於 10/6 被覆蓋）,0701_熱傷害_臺北市士林區.png,已截圖
2026-10-04 07:01:00,3_熱傷害,行政區,臺北市北投區,否,,,無,,09:00 無(30) / 12:00 無(31),由佐證檔復原（原紀錄於 10/6 被覆蓋）,0701_熱傷害_臺北市北投區.png,已截圖
2026-10-04 07:46:00,2_高溫資訊,縣市,臺北市,否,,,無,,,由佐證檔復原（原紀錄於 10/6 被覆蓋）；臺北市燈號取各區最高；資料檔 0746_高溫資訊_Warning_63.js.txt,0746_高溫資訊_全縣市.png,已截圖
2026-10-04 07:46:00,2_高溫資訊,行政區,臺北市松山區,否,,,無,,,由佐證檔復原（原紀錄於 10/6 被覆蓋）；燈號取自 0746_高溫資訊_Warning_63.js.txt,0746_高溫資訊_全縣市.png,已記錄
2026-10-04 07:46:00,2_高溫資訊,行政區,臺北市信義區,否,,,無,,,由佐證檔復原（原紀錄於 10/6 被覆蓋）；燈號取自 0746_高溫資訊_Warning_63.js.txt,0746_高溫資訊_全縣市.png,已記錄
2026-10-04 07:46:00,2_高溫資訊,行政區,臺北市大安區,否,,,無,,,由佐證檔復原（原紀錄於 10/6 被覆蓋）；燈號取自 0746_高溫資訊_Warning_63.js.txt,0746_高溫資訊_全縣市.png,已記錄
2026-10-04 07:46:00,2_高溫資訊,行政區,臺北市中山區,否,,,無,,,由佐證檔復原（原紀錄於 10/6 被覆蓋）；燈號取自 0746_高溫資訊_Warning_63.js.txt,0746_高溫資訊_全縣市.png,已記錄
2026-10-04 07:46:00,2_高溫資訊,行政區,臺北市中正區,否,,,無,,,由佐證檔復原（原紀錄於 10/6 被覆蓋）；燈號取自 0746_高溫資訊_Warning_63.js.txt,0746_高溫資訊_全縣市.png,已記錄
2026-10-04 07:46:00,2_高溫資訊,行政區,臺北市大同區,否,,,無,,,由佐證檔復原（原紀錄於 10/6 被覆蓋）；燈號取自 0746_高溫資訊_Warning_63.js.txt,0746_高溫資訊_全縣市.png,已記錄
2026-10-04 07:46:00,2_高溫資訊,行政區,臺北市萬華區,否,,,無,,,由佐證檔復原（原紀錄於 10/6 被覆蓋）；燈號取自 0746_高溫資訊_Warning_63.js.txt,0746_高溫資訊_全縣市.png,已記錄
2026-10-04 07:46:00,2_高溫資訊,行政區,臺北市文山區,否,,,無,,,由佐證檔復原（原紀錄於 10/6 被覆蓋）；燈號取自 0746_高溫資訊_Warning_63.js.txt,0746_高溫資訊_全縣市.png,已記錄
2026-10-04 07:46:00,2_高溫資訊,行政區,臺北市南港區,否,,,無,,,由佐證檔復原（原紀錄於 10/6 被覆蓋）；燈號取自 0746_高溫資訊_Warning_63.js.txt,0746_高溫資訊_全縣市.png,已記錄
2026-10-04 07:46:00,2_高溫資訊,行政區,臺北市內湖區,否,,,無,,,由佐證檔復原（原紀錄於 10/6 被覆蓋）；燈號取自 0746_高溫資訊_Warning_63.js.txt,0746_高溫資訊_全縣市.png,已記錄
2026-10-04 07:46:00,2_高溫資訊,行政區,臺北市士林區,否,,,無,,,由佐證檔復原（原紀錄於 10/6 被覆蓋）；燈號取自 0746_高溫資訊_Warning_63.js.txt,0746_高溫資訊_全縣市.png,已記錄
2026-10-04 07:46:00,2_高溫資訊,行政區,臺北市北投區,否,,,無,,,由佐證檔復原（原紀錄於 10/6 被覆蓋）；燈號取自 0746_高溫資訊_Warning_63.js.txt,0746_高溫資訊_全縣市.png,已記錄
2026-10-04 09:01:00,2_高溫資訊,縣市,臺北市,是,,,無,,,由佐證檔復原（原紀錄於 10/6 被覆蓋）；臺北市燈號取各區最高；資料檔 0901_高溫資訊_Warning_63.js.txt,0901_高溫資訊_全縣市.png,已截圖
2026-10-04 09:01:00,2_高溫資訊,行政區,臺北市松山區,是,,,無,,,由佐證檔復原（原紀錄於 10/6 被覆蓋）；燈號取自 0901_高溫資訊_Warning_63.js.txt,0901_高溫資訊_全縣市.png,已記錄
2026-10-04 09:01:00,2_高溫資訊,行政區,臺北市信義區,是,,,無,,,由佐證檔復原（原紀錄於 10/6 被覆蓋）；燈號取自 0901_高溫資訊_Warning_63.js.txt,0901_高溫資訊_全縣市.png,已記錄
2026-10-04 09:01:00,2_高溫資訊,行政區,臺北市大安區,是,,,無,,,由佐證檔復原（原紀錄於 10/6 被覆蓋）；燈號取自 0901_高溫資訊_Warning_63.js.txt,0901_高溫資訊_全縣市.png,已記錄
2026-10-04 09:01:00,2_高溫資訊,行政區,臺北市中山區,是,,,無,,,由佐證檔復原（原紀錄於 10/6 被覆蓋）；燈號取自 0901_高溫資訊_Warning_63.js.txt,0901_高溫資訊_全縣市.png,已記錄
2026-10-04 09:01:00,2_高溫資訊,行政區,臺北市中正區,是,,,無,,,由佐證檔復原（原紀錄於 10/6 被覆蓋）；燈號取自 0901_高溫資訊_Warning_63.js.txt,0901_高溫資訊_全縣市.png,已記錄
2026-10-04 09:01:00,2_高溫資訊,行政區,臺北市大同區,是,,,無,,,由佐證檔復原（原紀錄於 10/6 被覆蓋）；燈號取自 0901_高溫資訊_Warning_63.js.txt,0901_高溫資訊_全縣市.png,已記錄
2026-10-04 09:01:00,2_高溫資訊,行政區,臺北市萬華區,是,,,無,,,由佐證檔復原（原紀錄於 10/6 被覆蓋）；燈號取自 0901_高溫資訊_Warning_63.js.txt,0901_高溫資訊_全縣市.png,已記錄
2026-10-04 09:01:00,2_高溫資訊,行政區,臺北市文山區,是,,,無,,,由佐證檔復原（原紀錄於 10/6 被覆蓋）；燈號取自 0901_高溫資訊_Warning_63.js.txt,0901_高溫資訊_全縣市.png,已記錄
2026-10-04 09:01:00,2_高溫資訊,行政區,臺北市南港區,是,,,無,,,由佐證檔復原（原紀錄於 10/6 被覆蓋）；燈號取自 0901_高溫資訊_Warning_63.js.txt,0901_高溫資訊_全縣市.png,已記錄
2026-10-04 09:01:00,2_高溫資訊,行政區,臺北市內湖區,是,,,無,,,由佐證檔復原（原紀錄於 10/6 被覆蓋）；燈號取自 0901_高溫資訊_Warning_63.js.txt,0901_高溫資訊_全縣市.png,已記錄
2026-10-04 09:01:00,2_高溫資訊,行政區,臺北市士林區,是,,,無,,,由佐證檔復原（原紀錄於 10/6 被覆蓋）；燈號取自 0901_高溫資訊_Warning_63.js.txt,0901_高溫資訊_全縣市.png,已記錄
2026-10-04 09:01:00,2_高溫資訊,行政區,臺北市北投區,是,,,無,,,由佐證檔復原（原紀錄於 10/6 被覆蓋）；燈號取自 0901_高溫資訊_Warning_63.js.txt,0901_高溫資訊_全縣市.png,已記錄
2026-10-04 09:01:00,3_熱傷害,縣市,臺北市,是,,,警戒,,,由佐證檔復原（原紀錄於 10/6 被覆蓋）；縣市燈號取各區最高；資料檔 0901_熱傷害_臺北市資料.json,0901_熱傷害_臺北市.png,已截圖
2026-10-04 09:01:00,3_熱傷害,行政區,臺北市松山區,是,,,注意,,12:00 無(30),由佐證檔復原（原紀錄於 10/6 被覆蓋）,0901_熱傷害_臺北市松山區.png,已截圖
2026-10-04 09:01:00,3_熱傷害,行政區,臺北市信義區,是,,,注意,,12:00 無(29),由佐證檔復原（原紀錄於 10/6 被覆蓋）,0901_熱傷害_臺北市信義區.png,已截圖
2026-10-04 09:01:00,3_熱傷害,行政區,臺北市大安區,是,,,注意,,12:00 注意(32),由佐證檔復原（原紀錄於 10/6 被覆蓋）,0901_熱傷害_臺北市大安區.png,已截圖
2026-10-04 09:01:00,3_熱傷害,行政區,臺北市中山區,是,,,注意,,12:00 注意(32),由佐證檔復原（原紀錄於 10/6 被覆蓋）,0901_熱傷害_臺北市中山區.png,已截圖
2026-10-04 09:01:00,3_熱傷害,行政區,臺北市中正區,是,,,注意,,12:00 注意(32),由佐證檔復原（原紀錄於 10/6 被覆蓋）,0901_熱傷害_臺北市中正區.png,已截圖
2026-10-04 09:01:00,3_熱傷害,行政區,臺北市大同區,是,,,注意,,12:00 注意(32),由佐證檔復原（原紀錄於 10/6 被覆蓋）,0901_熱傷害_臺北市大同區.png,已截圖
2026-10-04 09:01:00,3_熱傷害,行政區,臺北市萬華區,是,,,注意,,12:00 注意(32),由佐證檔復原（原紀錄於 10/6 被覆蓋）,0901_熱傷害_臺北市萬華區.png,已截圖
2026-10-04 09:01:00,3_熱傷害,行政區,臺北市文山區,是,,,警戒,,12:00 無(29),由佐證檔復原（原紀錄於 10/6 被覆蓋）,0901_熱傷害_臺北市文山區.png,已截圖
2026-10-04 09:01:00,3_熱傷害,行政區,臺北市南港區,是,,,注意,,12:00 無(29),由佐證檔復原（原紀錄於 10/6 被覆蓋）,0901_熱傷害_臺北市南港區.png,已截圖
2026-10-04 09:01:00,3_熱傷害,行政區,臺北市內湖區,是,,,注意,,12:00 無(30),由佐證檔復原（原紀錄於 10/6 被覆蓋）,0901_熱傷害_臺北市內湖區.png,已截圖
2026-10-04 09:01:00,3_熱傷害,行政區,臺北市士林區,是,,,注意,,12:00 注意(32),由佐證檔復原（原紀錄於 10/6 被覆蓋）,0901_熱傷害_臺北市士林區.png,已截圖
2026-10-04 09:01:00,3_熱傷害,行政區,臺北市北投區,是,,,無,,12:00 無(31),由佐證檔復原（原紀錄於 10/6 被覆蓋）,0901_熱傷害_臺北市北投區.png,已截圖
2026-10-04 10:16:00,3_熱傷害,縣市,臺北市,是,,,危險,,,由佐證檔復原（原紀錄於 10/6 被覆蓋）；縣市燈號取各區最高；資料檔 1016_熱傷害_臺北市資料.json,1016_熱傷害_臺北市.png,已截圖
2026-10-04 10:16:00,3_熱傷害,行政區,臺北市松山區,是,,,危險,,12:00 無(30),由佐證檔復原（原紀錄於 10/6 被覆蓋）,1016_熱傷害_臺北市松山區.png,已截圖
2026-10-04 10:16:00,3_熱傷害,行政區,臺北市信義區,是,,,注意,,12:00 無(30),由佐證檔復原（原紀錄於 10/6 被覆蓋）,1016_熱傷害_臺北市信義區.png,已截圖
2026-10-04 10:16:00,3_熱傷害,行政區,臺北市大安區,是,,,注意,,12:00 注意(33),由佐證檔復原（原紀錄於 10/6 被覆蓋）,1016_熱傷害_臺北市大安區.png,已截圖
2026-10-04 10:16:00,3_熱傷害,行政區,臺北市中山區,是,,,注意,,12:00 注意(33),由佐證檔復原（原紀錄於 10/6 被覆蓋）,1016_熱傷害_臺北市中山區.png,已截圖
2026-10-04 10:16:00,3_熱傷害,行政區,臺北市中正區,是,,,注意,,12:00 注意(33),由佐證檔復原（原紀錄於 10/6 被覆蓋）,1016_熱傷害_臺北市中正區.png,已截圖
2026-10-04 10:16:00,3_熱傷害,行政區,臺北市大同區,是,,,注意,,12:00 注意(33),由佐證檔復原（原紀錄於 10/6 被覆蓋）,1016_熱傷害_臺北市大同區.png,已截圖
2026-10-04 10:16:00,3_熱傷害,行政區,臺北市萬華區,是,,,注意,,12:00 注意(33),由佐證檔復原（原紀錄於 10/6 被覆蓋）,1016_熱傷害_臺北市萬華區.png,已截圖
2026-10-04 10:16:00,3_熱傷害,行政區,臺北市文山區,是,,,警戒,,12:00 無(30),由佐證檔復原（原紀錄於 10/6 被覆蓋）,1016_熱傷害_臺北市文山區.png,已截圖
2026-10-04 10:16:00,3_熱傷害,行政區,臺北市南港區,是,,,注意,,12:00 無(29),由佐證檔復原（原紀錄於 10/6 被覆蓋）,1016_熱傷害_臺北市南港區.png,已截圖
2026-10-04 10:16:00,3_熱傷害,行政區,臺北市內湖區,是,,,危險,,12:00 無(30),由佐證檔復原（原紀錄於 10/6 被覆蓋）,1016_熱傷害_臺北市內湖區.png,已截圖
2026-10-04 10:16:00,3_熱傷害,行政區,臺北市士林區,是,,,警戒,,12:00 警戒(34),由佐證檔復原（原紀錄於 10/6 被覆蓋）,1016_熱傷害_臺北市士林區.png,已截圖
2026-10-04 10:16:00,3_熱傷害,行政區,臺北市北投區,是,,,無,,12:00 無(31),由佐證檔復原（原紀錄於 10/6 被覆蓋）,1016_熱傷害_臺北市北投區.png,已截圖
2026-10-04 11:15:54,4_臺北測站逐時,測站,臺北(466920),是,10/04 11:00,,,,32.5°C,11:00 整點觀測；晴；相對溼度 53%；由佐證檔復原（原紀錄於 10/6 被覆蓋）,1115_臺北測站_11時.png,已截圖
2026-10-04 11:31:00,2_高溫資訊,縣市,臺北市,是,,,無,,,由佐證檔復原（原紀錄於 10/6 被覆蓋）；臺北市燈號取各區最高；資料檔 1131_高溫資訊_Warning_63.js.txt,1131_高溫資訊_全縣市.png,已截圖
2026-10-04 11:31:00,2_高溫資訊,行政區,臺北市松山區,是,,,無,,,由佐證檔復原（原紀錄於 10/6 被覆蓋）；燈號取自 1131_高溫資訊_Warning_63.js.txt,1131_高溫資訊_全縣市.png,已記錄
2026-10-04 11:31:00,2_高溫資訊,行政區,臺北市信義區,是,,,無,,,由佐證檔復原（原紀錄於 10/6 被覆蓋）；燈號取自 1131_高溫資訊_Warning_63.js.txt,1131_高溫資訊_全縣市.png,已記錄
2026-10-04 11:31:00,2_高溫資訊,行政區,臺北市大安區,是,,,無,,,由佐證檔復原（原紀錄於 10/6 被覆蓋）；燈號取自 1131_高溫資訊_Warning_63.js.txt,1131_高溫資訊_全縣市.png,已記錄
2026-10-04 11:31:00,2_高溫資訊,行政區,臺北市中山區,是,,,無,,,由佐證檔復原（原紀錄於 10/6 被覆蓋）；燈號取自 1131_高溫資訊_Warning_63.js.txt,1131_高溫資訊_全縣市.png,已記錄
2026-10-04 11:31:00,2_高溫資訊,行政區,臺北市中正區,是,,,無,,,由佐證檔復原（原紀錄於 10/6 被覆蓋）；燈號取自 1131_高溫資訊_Warning_63.js.txt,1131_高溫資訊_全縣市.png,已記錄
2026-10-04 11:31:00,2_高溫資訊,行政區,臺北市大同區,是,,,無,,,由佐證檔復原（原紀錄於 10/6 被覆蓋）；燈號取自 1131_高溫資訊_Warning_63.js.txt,1131_高溫資訊_全縣市.png,已記錄
2026-10-04 11:31:00,2_高溫資訊,行政區,臺北市萬華區,是,,,無,,,由佐證檔復原（原紀錄於 10/6 被覆蓋）；燈號取自 1131_高溫資訊_Warning_63.js.txt,1131_高溫資訊_全縣市.png,已記錄
2026-10-04 11:31:00,2_高溫資訊,行政區,臺北市文山區,是,,,無,,,由佐證檔復原（原紀錄於 10/6 被覆蓋）；燈號取自 1131_高溫資訊_Warning_63.js.txt,1131_高溫資訊_全縣市.png,已記錄
2026-10-04 11:31:00,2_高溫資訊,行政區,臺北市南港區,是,,,無,,,由佐證檔復原（原紀錄於 10/6 被覆蓋）；燈號取自 1131_高溫資訊_Warning_63.js.txt,1131_高溫資訊_全縣市.png,已記錄
2026-10-04 11:31:00,2_高溫資訊,行政區,臺北市內湖區,是,,,無,,,由佐證檔復原（原紀錄於 10/6 被覆蓋）；燈號取自 1131_高溫資訊_Warning_63.js.txt,1131_高溫資訊_全縣市.png,已記錄
2026-10-04 11:31:00,2_高溫資訊,行政區,臺北市士林區,是,,,無,,,由佐證檔復原（原紀錄於 10/6 被覆蓋）；燈號取自 1131_高溫資訊_Warning_63.js.txt,1131_高溫資訊_全縣市.png,已記錄
2026-10-04 11:31:00,2_高溫資訊,行政區,臺北市北投區,是,,,無,,,由佐證檔復原（原紀錄於 10/6 被覆蓋）；燈號取自 1131_高溫資訊_Warning_63.js.txt,1131_高溫資訊_全縣市.png,已記錄
2026-10-04 12:01:00,2_高溫資訊,縣市,臺北市,是,,,無,,,由佐證檔復原（原紀錄於 10/6 被覆蓋）；臺北市燈號取各區最高；資料檔 1201_高溫資訊_Warning_63.js.txt,1201_高溫資訊_全縣市.png,已截圖
2026-10-04 12:01:00,2_高溫資訊,行政區,臺北市松山區,是,,,無,,,由佐證檔復原（原紀錄於 10/6 被覆蓋）；燈號取自 1201_高溫資訊_Warning_63.js.txt,1201_高溫資訊_全縣市.png,已記錄
2026-10-04 12:01:00,2_高溫資訊,行政區,臺北市信義區,是,,,無,,,由佐證檔復原（原紀錄於 10/6 被覆蓋）；燈號取自 1201_高溫資訊_Warning_63.js.txt,1201_高溫資訊_全縣市.png,已記錄
2026-10-04 12:01:00,2_高溫資訊,行政區,臺北市大安區,是,,,無,,,由佐證檔復原（原紀錄於 10/6 被覆蓋）；燈號取自 1201_高溫資訊_Warning_63.js.txt,1201_高溫資訊_全縣市.png,已記錄
2026-10-04 12:01:00,2_高溫資訊,行政區,臺北市中山區,是,,,無,,,由佐證檔復原（原紀錄於 10/6 被覆蓋）；燈號取自 1201_高溫資訊_Warning_63.js.txt,1201_高溫資訊_全縣市.png,已記錄
2026-10-04 12:01:00,2_高溫資訊,行政區,臺北市中正區,是,,,無,,,由佐證檔復原（原紀錄於 10/6 被覆蓋）；燈號取自 1201_高溫資訊_Warning_63.js.txt,1201_高溫資訊_全縣市.png,已記錄
2026-10-04 12:01:00,2_高溫資訊,行政區,臺北市大同區,是,,,無,,,由佐證檔復原（原紀錄於 10/6 被覆蓋）；燈號取自 1201_高溫資訊_Warning_63.js.txt,1201_高溫資訊_全縣市.png,已記錄
2026-10-04 12:01:00,2_高溫資訊,行政區,臺北市萬華區,是,,,無,,,由佐證檔復原（原紀錄於 10/6 被覆蓋）；燈號取自 1201_高溫資訊_Warning_63.js.txt,1201_高溫資訊_全縣市.png,已記錄
2026-10-04 12:01:00,2_高溫資訊,行政區,臺北市文山區,是,,,無,,,由佐證檔復原（原紀錄於 10/6 被覆蓋）；燈號取自 1201_高溫資訊_Warning_63.js.txt,1201_高溫資訊_全縣市.png,已記錄
2026-10-04 12:01:00,2_高溫資訊,行政區,臺北市南港區,是,,,無,,,由佐證檔復原（原紀錄於 10/6 被覆蓋）；燈號取自 1201_高溫資訊_Warning_63.js.txt,1201_高溫資訊_全縣市.png,已記錄
2026-10-04 12:01:00,2_高溫資訊,行政區,臺北市內湖區,是,,,無,,,由佐證檔復原（原紀錄於 10/6 被覆蓋）；燈號取自 1201_高溫資訊_Warning_63.js.txt,1201_高溫資訊_全縣市.png,已記錄
2026-10-04 12:01:00,2_高溫資訊,行政區,臺北市士林區,是,,,無,,,由佐證檔復原（原紀錄於 10/6 被覆蓋）；燈號取自 1201_高溫資訊_Warning_63.js.txt,1201_高溫資訊_全縣市.png,已記錄
2026-10-04 12:01:00,2_高溫資訊,行政區,臺北市北投區,是,,,無,,,由佐證檔復原（原紀錄於 10/6 被覆蓋）；燈號取自 1201_高溫資訊_Warning_63.js.txt,1201_高溫資訊_全縣市.png,已記錄
2026-10-04 12:01:00,3_熱傷害,縣市,臺北市,是,,,危險,,,由佐證檔復原（原紀錄於 10/6 被覆蓋）；縣市燈號取各區最高；資料檔 1201_熱傷害_臺北市資料.json,1201_熱傷害_臺北市.png,已截圖
2026-10-04 12:01:00,3_熱傷害,行政區,臺北市松山區,是,,,危險,,,由佐證檔復原（原紀錄於 10/6 被覆蓋）,1201_熱傷害_臺北市松山區.png,已截圖
2026-10-04 12:01:00,3_熱傷害,行政區,臺北市信義區,是,,,注意,,,由佐證檔復原（原紀錄於 10/6 被覆蓋）,1201_熱傷害_臺北市信義區.png,已截圖
2026-10-04 12:01:00,3_熱傷害,行政區,臺北市大安區,是,,,注意,,,由佐證檔復原（原紀錄於 10/6 被覆蓋）,1201_熱傷害_臺北市大安區.png,已截圖
2026-10-04 12:01:00,3_熱傷害,行政區,臺北市中山區,是,,,注意,,,由佐證檔復原（原紀錄於 10/6 被覆蓋）,1201_熱傷害_臺北市中山區.png,已截圖
2026-10-04 12:01:00,3_熱傷害,行政區,臺北市中正區,是,,,注意,,,由佐證檔復原（原紀錄於 10/6 被覆蓋）,1201_熱傷害_臺北市中正區.png,已截圖
2026-10-04 12:01:00,3_熱傷害,行政區,臺北市大同區,是,,,注意,,,由佐證檔復原（原紀錄於 10/6 被覆蓋）,1201_熱傷害_臺北市大同區.png,已截圖
2026-10-04 12:01:00,3_熱傷害,行政區,臺北市萬華區,是,,,注意,,,由佐證檔復原（原紀錄於 10/6 被覆蓋）,1201_熱傷害_臺北市萬華區.png,已截圖
2026-10-04 12:01:00,3_熱傷害,行政區,臺北市文山區,是,,,警戒,,,由佐證檔復原（原紀錄於 10/6 被覆蓋）,1201_熱傷害_臺北市文山區.png,已截圖
2026-10-04 12:01:00,3_熱傷害,行政區,臺北市南港區,是,,,注意,,,由佐證檔復原（原紀錄於 10/6 被覆蓋）,1201_熱傷害_臺北市南港區.png,已截圖
2026-10-04 12:01:00,3_熱傷害,行政區,臺北市內湖區,是,,,危險,,,由佐證檔復原（原紀錄於 10/6 被覆蓋）,1201_熱傷害_臺北市內湖區.png,已截圖
2026-10-04 12:01:00,3_熱傷害,行政區,臺北市士林區,是,,,警戒,,,由佐證檔復原（原紀錄於 10/6 被覆蓋）,1201_熱傷害_臺北市士林區.png,已截圖
2026-10-04 12:01:00,3_熱傷害,行政區,臺北市北投區,是,,,無,,,由佐證檔復原（原紀錄於 10/6 被覆蓋）,1201_熱傷害_臺北市北投區.png,已截圖
2026-10-04 12:15:55,4_臺北測站逐時,測站,臺北(466920),是,10/04 12:00,,,,32.7°C,12:00 整點觀測；多雲；相對溼度 59%；由佐證檔復原（原紀錄於 10/6 被覆蓋）,1215_臺北測站_12時.png,已截圖
2026-10-04 13:16:09,4_臺北測站逐時,測站,臺北(466920),是,10/04 13:00,,,,33.1°C,13:00 整點觀測；多雲；相對溼度 58%；由佐證檔復原（原紀錄於 10/6 被覆蓋）,1316_臺北測站_13時.png,已截圖
2026-10-04 14:01:00,2_高溫資訊,縣市,臺北市,否,,,無,,,由佐證檔復原（原紀錄於 10/6 被覆蓋）；臺北市燈號取各區最高；資料檔 1401_高溫資訊_Warning_63.js.txt,1401_高溫資訊_全縣市.png,已截圖
2026-10-04 14:01:00,2_高溫資訊,行政區,臺北市松山區,否,,,無,,,由佐證檔復原（原紀錄於 10/6 被覆蓋）；燈號取自 1401_高溫資訊_Warning_63.js.txt,1401_高溫資訊_全縣市.png,已記錄
2026-10-04 14:01:00,2_高溫資訊,行政區,臺北市信義區,否,,,無,,,由佐證檔復原（原紀錄於 10/6 被覆蓋）；燈號取自 1401_高溫資訊_Warning_63.js.txt,1401_高溫資訊_全縣市.png,已記錄
2026-10-04 14:01:00,2_高溫資訊,行政區,臺北市大安區,否,,,無,,,由佐證檔復原（原紀錄於 10/6 被覆蓋）；燈號取自 1401_高溫資訊_Warning_63.js.txt,1401_高溫資訊_全縣市.png,已記錄
2026-10-04 14:01:00,2_高溫資訊,行政區,臺北市中山區,否,,,無,,,由佐證檔復原（原紀錄於 10/6 被覆蓋）；燈號取自 1401_高溫資訊_Warning_63.js.txt,1401_高溫資訊_全縣市.png,已記錄
2026-10-04 14:01:00,2_高溫資訊,行政區,臺北市中正區,否,,,無,,,由佐證檔復原（原紀錄於 10/6 被覆蓋）；燈號取自 1401_高溫資訊_Warning_63.js.txt,1401_高溫資訊_全縣市.png,已記錄
2026-10-04 14:01:00,2_高溫資訊,行政區,臺北市大同區,否,,,無,,,由佐證檔復原（原紀錄於 10/6 被覆蓋）；燈號取自 1401_高溫資訊_Warning_63.js.txt,1401_高溫資訊_全縣市.png,已記錄
2026-10-04 14:01:00,2_高溫資訊,行政區,臺北市萬華區,否,,,無,,,由佐證檔復原（原紀錄於 10/6 被覆蓋）；燈號取自 1401_高溫資訊_Warning_63.js.txt,1401_高溫資訊_全縣市.png,已記錄
2026-10-04 14:01:00,2_高溫資訊,行政區,臺北市文山區,否,,,無,,,由佐證檔復原（原紀錄於 10/6 被覆蓋）；燈號取自 1401_高溫資訊_Warning_63.js.txt,1401_高溫資訊_全縣市.png,已記錄
2026-10-04 14:01:00,2_高溫資訊,行政區,臺北市南港區,否,,,無,,,由佐證檔復原（原紀錄於 10/6 被覆蓋）；燈號取自 1401_高溫資訊_Warning_63.js.txt,1401_高溫資訊_全縣市.png,已記錄
2026-10-04 14:01:00,2_高溫資訊,行政區,臺北市內湖區,否,,,無,,,由佐證檔復原（原紀錄於 10/6 被覆蓋）；燈號取自 1401_高溫資訊_Warning_63.js.txt,1401_高溫資訊_全縣市.png,已記錄
2026-10-04 14:01:00,2_高溫資訊,行政區,臺北市士林區,否,,,無,,,由佐證檔復原（原紀錄於 10/6 被覆蓋）；燈號取自 1401_高溫資訊_Warning_63.js.txt,1401_高溫資訊_全縣市.png,已記錄
2026-10-04 14:01:00,2_高溫資訊,行政區,臺北市北投區,否,,,無,,,由佐證檔復原（原紀錄於 10/6 被覆蓋）；燈號取自 1401_高溫資訊_Warning_63.js.txt,1401_高溫資訊_全縣市.png,已記錄
2026-10-04 14:01:00,3_熱傷害,縣市,臺北市,否,,,危險,,,由佐證檔復原（原紀錄於 10/6 被覆蓋）；縣市燈號取各區最高；資料檔 1401_熱傷害_臺北市資料.json,1401_熱傷害_臺北市.png,已截圖
2026-10-04 14:01:00,3_熱傷害,行政區,臺北市松山區,否,,,危險,,,由佐證檔復原（原紀錄於 10/6 被覆蓋）,1401_熱傷害_臺北市松山區.png,已截圖
2026-10-04 14:01:00,3_熱傷害,行政區,臺北市信義區,否,,,注意,,,由佐證檔復原（原紀錄於 10/6 被覆蓋）,1401_熱傷害_臺北市信義區.png,已截圖
2026-10-04 14:01:00,3_熱傷害,行政區,臺北市大安區,否,,,注意,,,由佐證檔復原（原紀錄於 10/6 被覆蓋）,1401_熱傷害_臺北市大安區.png,已截圖
2026-10-04 14:01:00,3_熱傷害,行政區,臺北市中山區,否,,,注意,,,由佐證檔復原（原紀錄於 10/6 被覆蓋）,1401_熱傷害_臺北市中山區.png,已截圖
2026-10-04 14:01:00,3_熱傷害,行政區,臺北市中正區,否,,,注意,,,由佐證檔復原（原紀錄於 10/6 被覆蓋）,1401_熱傷害_臺北市中正區.png,已截圖
2026-10-04 14:01:00,3_熱傷害,行政區,臺北市大同區,否,,,注意,,,由佐證檔復原（原紀錄於 10/6 被覆蓋）,1401_熱傷害_臺北市大同區.png,已截圖
2026-10-04 14:01:00,3_熱傷害,行政區,臺北市萬華區,否,,,注意,,,由佐證檔復原（原紀錄於 10/6 被覆蓋）,1401_熱傷害_臺北市萬華區.png,已截圖
2026-10-04 14:01:00,3_熱傷害,行政區,臺北市文山區,否,,,警戒,,,由佐證檔復原（原紀錄於 10/6 被覆蓋）,1401_熱傷害_臺北市文山區.png,已截圖
2026-10-04 14:01:00,3_熱傷害,行政區,臺北市南港區,否,,,注意,,,由佐證檔復原（原紀錄於 10/6 被覆蓋）,1401_熱傷害_臺北市南港區.png,已截圖
2026-10-04 14:01:00,3_熱傷害,行政區,臺北市內湖區,否,,,危險,,,由佐證檔復原（原紀錄於 10/6 被覆蓋）,1401_熱傷害_臺北市內湖區.png,已截圖
2026-10-04 14:01:00,3_熱傷害,行政區,臺北市士林區,否,,,警戒,,,由佐證檔復原（原紀錄於 10/6 被覆蓋）,1401_熱傷害_臺北市士林區.png,已截圖
2026-10-04 14:01:00,3_熱傷害,行政區,臺北市北投區,否,,,無,,,由佐證檔復原（原紀錄於 10/6 被覆蓋）,1401_熱傷害_臺北市北投區.png,已截圖
2026-10-04 14:31:00,2_高溫資訊,縣市,臺北市,否,,,無,,,由佐證檔復原（原紀錄於 10/6 被覆蓋）；臺北市燈號取各區最高；資料檔 1431_高溫資訊_Warning_63.js.txt,1431_高溫資訊_全縣市.png,已截圖
2026-10-04 14:31:00,2_高溫資訊,行政區,臺北市松山區,否,,,無,,,由佐證檔復原（原紀錄於 10/6 被覆蓋）；燈號取自 1431_高溫資訊_Warning_63.js.txt,1431_高溫資訊_全縣市.png,已記錄
2026-10-04 14:31:00,2_高溫資訊,行政區,臺北市信義區,否,,,無,,,由佐證檔復原（原紀錄於 10/6 被覆蓋）；燈號取自 1431_高溫資訊_Warning_63.js.txt,1431_高溫資訊_全縣市.png,已記錄
2026-10-04 14:31:00,2_高溫資訊,行政區,臺北市大安區,否,,,無,,,由佐證檔復原（原紀錄於 10/6 被覆蓋）；燈號取自 1431_高溫資訊_Warning_63.js.txt,1431_高溫資訊_全縣市.png,已記錄
2026-10-04 14:31:00,2_高溫資訊,行政區,臺北市中山區,否,,,無,,,由佐證檔復原（原紀錄於 10/6 被覆蓋）；燈號取自 1431_高溫資訊_Warning_63.js.txt,1431_高溫資訊_全縣市.png,已記錄
2026-10-04 14:31:00,2_高溫資訊,行政區,臺北市中正區,否,,,無,,,由佐證檔復原（原紀錄於 10/6 被覆蓋）；燈號取自 1431_高溫資訊_Warning_63.js.txt,1431_高溫資訊_全縣市.png,已記錄
2026-10-04 14:31:00,2_高溫資訊,行政區,臺北市大同區,否,,,無,,,由佐證檔復原（原紀錄於 10/6 被覆蓋）；燈號取自 1431_高溫資訊_Warning_63.js.txt,1431_高溫資訊_全縣市.png,已記錄
2026-10-04 14:31:00,2_高溫資訊,行政區,臺北市萬華區,否,,,無,,,由佐證檔復原（原紀錄於 10/6 被覆蓋）；燈號取自 1431_高溫資訊_Warning_63.js.txt,1431_高溫資訊_全縣市.png,已記錄
2026-10-04 14:31:00,2_高溫資訊,行政區,臺北市文山區,否,,,無,,,由佐證檔復原（原紀錄於 10/6 被覆蓋）；燈號取自 1431_高溫資訊_Warning_63.js.txt,1431_高溫資訊_全縣市.png,已記錄
2026-10-04 14:31:00,2_高溫資訊,行政區,臺北市南港區,否,,,無,,,由佐證檔復原（原紀錄於 10/6 被覆蓋）；燈號取自 1431_高溫資訊_Warning_63.js.txt,1431_高溫資訊_全縣市.png,已記錄
2026-10-04 14:31:00,2_高溫資訊,行政區,臺北市內湖區,否,,,無,,,由佐證檔復原（原紀錄於 10/6 被覆蓋）；燈號取自 1431_高溫資訊_Warning_63.js.txt,1431_高溫資訊_全縣市.png,已記錄
2026-10-04 14:31:00,2_高溫資訊,行政區,臺北市士林區,否,,,無,,,由佐證檔復原（原紀錄於 10/6 被覆蓋）；燈號取自 1431_高溫資訊_Warning_63.js.txt,1431_高溫資訊_全縣市.png,已記錄
2026-10-04 14:31:00,2_高溫資訊,行政區,臺北市北投區,否,,,無,,,由佐證檔復原（原紀錄於 10/6 被覆蓋）；燈號取自 1431_高溫資訊_Warning_63.js.txt,1431_高溫資訊_全縣市.png,已記錄
2026-10-04 16:45:00,3_熱傷害,縣市,臺北市,否,,,警戒,,,由佐證檔復原（原紀錄於 10/6 被覆蓋）；縣市燈號取各區最高；資料檔 1645_熱傷害_臺北市資料.json,1645_熱傷害_臺北市.png,已截圖
2026-10-04 16:45:00,3_熱傷害,行政區,臺北市松山區,否,,,注意,,,由佐證檔復原（原紀錄於 10/6 被覆蓋）,1645_熱傷害_臺北市松山區.png,已截圖
2026-10-04 16:45:00,3_熱傷害,行政區,臺北市信義區,否,,,警戒,,,由佐證檔復原（原紀錄於 10/6 被覆蓋）,1645_熱傷害_臺北市信義區.png,已截圖
2026-10-04 16:45:00,3_熱傷害,行政區,臺北市大安區,否,,,警戒,,,由佐證檔復原（原紀錄於 10/6 被覆蓋）,1645_熱傷害_臺北市大安區.png,已截圖
2026-10-04 16:45:00,3_熱傷害,行政區,臺北市中山區,否,,,警戒,,,由佐證檔復原（原紀錄於 10/6 被覆蓋）,1645_熱傷害_臺北市中山區.png,已截圖
2026-10-04 16:45:00,3_熱傷害,行政區,臺北市中正區,否,,,警戒,,,由佐證檔復原（原紀錄於 10/6 被覆蓋）,1645_熱傷害_臺北市中正區.png,已截圖
2026-10-04 16:45:00,3_熱傷害,行政區,臺北市大同區,否,,,警戒,,,由佐證檔復原（原紀錄於 10/6 被覆蓋）,1645_熱傷害_臺北市大同區.png,已截圖
2026-10-04 16:45:00,3_熱傷害,行政區,臺北市萬華區,否,,,警戒,,,由佐證檔復原（原紀錄於 10/6 被覆蓋）,1645_熱傷害_臺北市萬華區.png,已截圖
2026-10-04 16:45:00,3_熱傷害,行政區,臺北市文山區,否,,,警戒,,,由佐證檔復原（原紀錄於 10/6 被覆蓋）,1645_熱傷害_臺北市文山區.png,已截圖
2026-10-04 16:45:00,3_熱傷害,行政區,臺北市南港區,否,,,無,,,由佐證檔復原（原紀錄於 10/6 被覆蓋）,1645_熱傷害_臺北市南港區.png,已截圖
2026-10-04 16:45:00,3_熱傷害,行政區,臺北市內湖區,否,,,注意,,,由佐證檔復原（原紀錄於 10/6 被覆蓋）,1645_熱傷害_臺北市內湖區.png,已截圖
2026-10-04 16:45:00,3_熱傷害,行政區,臺北市士林區,否,,,注意,,,由佐證檔復原（原紀錄於 10/6 被覆蓋）,1645_熱傷害_臺北市士林區.png,已截圖
2026-10-04 16:45:00,3_熱傷害,行政區,臺北市北投區,否,,,無,,,由佐證檔復原（原紀錄於 10/6 被覆蓋）,1645_熱傷害_臺北市北投區.png,已截圖
2026-10-04 17:01:00,2_高溫資訊,縣市,臺北市,否,,,無,,,由佐證檔復原（原紀錄於 10/6 被覆蓋）；臺北市燈號取各區最高；資料檔 1701_高溫資訊_Warning_63.js.txt,1701_高溫資訊_全縣市.png,已截圖
2026-10-04 17:01:00,2_高溫資訊,行政區,臺北市松山區,否,,,無,,,由佐證檔復原（原紀錄於 10/6 被覆蓋）；燈號取自 1701_高溫資訊_Warning_63.js.txt,1701_高溫資訊_全縣市.png,已記錄
2026-10-04 17:01:00,2_高溫資訊,行政區,臺北市信義區,否,,,無,,,由佐證檔復原（原紀錄於 10/6 被覆蓋）；燈號取自 1701_高溫資訊_Warning_63.js.txt,1701_高溫資訊_全縣市.png,已記錄
2026-10-04 17:01:00,2_高溫資訊,行政區,臺北市大安區,否,,,無,,,由佐證檔復原（原紀錄於 10/6 被覆蓋）；燈號取自 1701_高溫資訊_Warning_63.js.txt,1701_高溫資訊_全縣市.png,已記錄
2026-10-04 17:01:00,2_高溫資訊,行政區,臺北市中山區,否,,,無,,,由佐證檔復原（原紀錄於 10/6 被覆蓋）；燈號取自 1701_高溫資訊_Warning_63.js.txt,1701_高溫資訊_全縣市.png,已記錄
2026-10-04 17:01:00,2_高溫資訊,行政區,臺北市中正區,否,,,無,,,由佐證檔復原（原紀錄於 10/6 被覆蓋）；燈號取自 1701_高溫資訊_Warning_63.js.txt,1701_高溫資訊_全縣市.png,已記錄
2026-10-04 17:01:00,2_高溫資訊,行政區,臺北市大同區,否,,,無,,,由佐證檔復原（原紀錄於 10/6 被覆蓋）；燈號取自 1701_高溫資訊_Warning_63.js.txt,1701_高溫資訊_全縣市.png,已記錄
2026-10-04 17:01:00,2_高溫資訊,行政區,臺北市萬華區,否,,,無,,,由佐證檔復原（原紀錄於 10/6 被覆蓋）；燈號取自 1701_高溫資訊_Warning_63.js.txt,1701_高溫資訊_全縣市.png,已記錄
2026-10-04 17:01:00,2_高溫資訊,行政區,臺北市文山區,否,,,無,,,由佐證檔復原（原紀錄於 10/6 被覆蓋）；燈號取自 1701_高溫資訊_Warning_63.js.txt,1701_高溫資訊_全縣市.png,已記錄
2026-10-04 17:01:00,2_高溫資訊,行政區,臺北市南港區,否,,,無,,,由佐證檔復原（原紀錄於 10/6 被覆蓋）；燈號取自 1701_高溫資訊_Warning_63.js.txt,1701_高溫資訊_全縣市.png,已記錄
2026-10-04 17:01:00,2_高溫資訊,行政區,臺北市內湖區,否,,,無,,,由佐證檔復原（原紀錄於 10/6 被覆蓋）；燈號取自 1701_高溫資訊_Warning_63.js.txt,1701_高溫資訊_全縣市.png,已記錄
2026-10-04 17:01:00,2_高溫資訊,行政區,臺北市士林區,否,,,無,,,由佐證檔復原（原紀錄於 10/6 被覆蓋）；燈號取自 1701_高溫資訊_Warning_63.js.txt,1701_高溫資訊_全縣市.png,已記錄
2026-10-04 17:01:00,2_高溫資訊,行政區,臺北市北投區,否,,,無,,,由佐證檔復原（原紀錄於 10/6 被覆蓋）；燈號取自 1701_高溫資訊_Warning_63.js.txt,1701_高溫資訊_全縣市.png,已記錄
2026-10-04 17:31:00,2_高溫資訊,縣市,臺北市,否,,,無,,,由佐證檔復原（原紀錄於 10/6 被覆蓋）；臺北市燈號取各區最高；資料檔 1731_高溫資訊_Warning_63.js.txt,1731_高溫資訊_全縣市.png,已截圖
2026-10-04 17:31:00,2_高溫資訊,行政區,臺北市松山區,否,,,無,,,由佐證檔復原（原紀錄於 10/6 被覆蓋）；燈號取自 1731_高溫資訊_Warning_63.js.txt,1731_高溫資訊_全縣市.png,已記錄
2026-10-04 17:31:00,2_高溫資訊,行政區,臺北市信義區,否,,,無,,,由佐證檔復原（原紀錄於 10/6 被覆蓋）；燈號取自 1731_高溫資訊_Warning_63.js.txt,1731_高溫資訊_全縣市.png,已記錄
2026-10-04 17:31:00,2_高溫資訊,行政區,臺北市大安區,否,,,無,,,由佐證檔復原（原紀錄於 10/6 被覆蓋）；燈號取自 1731_高溫資訊_Warning_63.js.txt,1731_高溫資訊_全縣市.png,已記錄
2026-10-04 17:31:00,2_高溫資訊,行政區,臺北市中山區,否,,,無,,,由佐證檔復原（原紀錄於 10/6 被覆蓋）；燈號取自 1731_高溫資訊_Warning_63.js.txt,1731_高溫資訊_全縣市.png,已記錄
2026-10-04 17:31:00,2_高溫資訊,行政區,臺北市中正區,否,,,無,,,由佐證檔復原（原紀錄於 10/6 被覆蓋）；燈號取自 1731_高溫資訊_Warning_63.js.txt,1731_高溫資訊_全縣市.png,已記錄
2026-10-04 17:31:00,2_高溫資訊,行政區,臺北市大同區,否,,,無,,,由佐證檔復原（原紀錄於 10/6 被覆蓋）；燈號取自 1731_高溫資訊_Warning_63.js.txt,1731_高溫資訊_全縣市.png,已記錄
2026-10-04 17:31:00,2_高溫資訊,行政區,臺北市萬華區,否,,,無,,,由佐證檔復原（原紀錄於 10/6 被覆蓋）；燈號取自 1731_高溫資訊_Warning_63.js.txt,1731_高溫資訊_全縣市.png,已記錄
2026-10-04 17:31:00,2_高溫資訊,行政區,臺北市文山區,否,,,無,,,由佐證檔復原（原紀錄於 10/6 被覆蓋）；燈號取自 1731_高溫資訊_Warning_63.js.txt,1731_高溫資訊_全縣市.png,已記錄
2026-10-04 17:31:00,2_高溫資訊,行政區,臺北市南港區,否,,,無,,,由佐證檔復原（原紀錄於 10/6 被覆蓋）；燈號取自 1731_高溫資訊_Warning_63.js.txt,1731_高溫資訊_全縣市.png,已記錄
2026-10-04 17:31:00,2_高溫資訊,行政區,臺北市內湖區,否,,,無,,,由佐證檔復原（原紀錄於 10/6 被覆蓋）；燈號取自 1731_高溫資訊_Warning_63.js.txt,1731_高溫資訊_全縣市.png,已記錄
2026-10-04 17:31:00,2_高溫資訊,行政區,臺北市士林區,否,,,無,,,由佐證檔復原（原紀錄於 10/6 被覆蓋）；燈號取自 1731_高溫資訊_Warning_63.js.txt,1731_高溫資訊_全縣市.png,已記錄
2026-10-04 17:31:00,2_高溫資訊,行政區,臺北市北投區,否,,,無,,,由佐證檔復原（原紀錄於 10/6 被覆蓋）；燈號取自 1731_高溫資訊_Warning_63.js.txt,1731_高溫資訊_全縣市.png,已記錄
2026-10-04 20:51:58,5_鄉鎮體感溫度,行政區,臺北市松山區,,10/04 07–18時,,,,體感溫度 07時31 08時33 09時35 10時36 11時37 12時38 13時37 14時35 15時35 16時34 17時33 18時32,最高體感 38°C；由佐證檔復原（原紀錄於 10/6 被覆蓋）,2051_體感溫度_臺北市松山區.png,已截圖
2026-10-04 20:51:58,5_鄉鎮體感溫度,行政區,臺北市信義區,,10/04 07–18時,,,,體感溫度 07時30 08時33 09時35 10時36 11時37 12時37 13時37 14時35 15時35 16時34 17時33 18時32,最高體感 37°C；由佐證檔復原（原紀錄於 10/6 被覆蓋）,2051_體感溫度_臺北市信義區.png,已截圖
2026-10-04 20:51:58,5_鄉鎮體感溫度,行政區,臺北市大安區,,10/04 07–18時,,,,體感溫度 07時30 08時33 09時35 10時36 11時37 12時37 13時37 14時36 15時35 16時34 17時33 18時32,最高體感 37°C；由佐證檔復原（原紀錄於 10/6 被覆蓋）,2051_體感溫度_臺北市大安區.png,已截圖
2026-10-04 20:51:58,5_鄉鎮體感溫度,行政區,臺北市中山區,,10/04 07–18時,,,,體感溫度 07時31 08時33 09時35 10時36 11時36 12時36 13時37 14時36 15時35 16時35 17時33 18時32,最高體感 37°C；由佐證檔復原（原紀錄於 10/6 被覆蓋）,2051_體感溫度_臺北市中山區.png,已截圖
2026-10-04 20:51:58,5_鄉鎮體感溫度,行政區,臺北市中正區,,10/04 07–18時,,,,體感溫度 07時31 08時33 09時35 10時36 11時36 12時36 13時37 14時36 15時35 16時35 17時33 18時32,最高體感 37°C；由佐證檔復原（原紀錄於 10/6 被覆蓋）,2051_體感溫度_臺北市中正區.png,已截圖
2026-10-04 20:51:58,5_鄉鎮體感溫度,行政區,臺北市大同區,,10/04 07–18時,,,,體感溫度 07時31 08時33 09時35 10時36 11時36 12時36 13時37 14時37 15時37 16時35 17時33 18時32,最高體感 37°C；由佐證檔復原（原紀錄於 10/6 被覆蓋）,2051_體感溫度_臺北市大同區.png,已截圖
2026-10-04 20:51:58,5_鄉鎮體感溫度,行政區,臺北市萬華區,,10/04 07–18時,,,,體感溫度 07時31 08時33 09時35 10時36 11時36 12時36 13時36 14時37 15時36 16時35 17時34 18時32,最高體感 37°C；由佐證檔復原（原紀錄於 10/6 被覆蓋）,2051_體感溫度_臺北市萬華區.png,已截圖
2026-10-04 20:51:58,5_鄉鎮體感溫度,行政區,臺北市文山區,,10/04 07–18時,,,,體感溫度 07時29 08時32 09時35 10時36 11時37 12時37 13時37 14時35 15時35 16時34 17時33 18時32,最高體感 37°C；由佐證檔復原（原紀錄於 10/6 被覆蓋）,2051_體感溫度_臺北市文山區.png,已截圖
2026-10-04 20:51:58,5_鄉鎮體感溫度,行政區,臺北市南港區,,10/04 07–18時,,,,體感溫度 07時31 08時33 09時36 10時36 11時37 12時38 13時36 14時35 15時35 16時34 17時33 18時32,最高體感 38°C；由佐證檔復原（原紀錄於 10/6 被覆蓋）,2051_體感溫度_臺北市南港區.png,已截圖
2026-10-04 20:51:58,5_鄉鎮體感溫度,行政區,臺北市內湖區,,10/04 07–18時,,,,體感溫度 07時31 08時33 09時35 10時36 11時37 12時37 13時36 14時35 15時34 16時33 17時32 18時32,最高體感 37°C；由佐證檔復原（原紀錄於 10/6 被覆蓋）,2051_體感溫度_臺北市內湖區.png,已截圖
2026-10-04 20:51:58,5_鄉鎮體感溫度,行政區,臺北市士林區,,10/04 07–18時,,,,體感溫度 07時31 08時33 09時35 10時36 11時36 12時36 13時36 14時37 15時38 16時35 17時34 18時32,最高體感 38°C；由佐證檔復原（原紀錄於 10/6 被覆蓋）,2051_體感溫度_臺北市士林區.png,已截圖
2026-10-04 20:51:58,5_鄉鎮體感溫度,行政區,臺北市北投區,,10/04 07–18時,,,,體感溫度 07時32 08時33 09時35 10時35 11時35 12時35 13時35 14時36 15時36 16時36 17時35 18時34,最高體感 36°C；由佐證檔復原（原紀錄於 10/6 被覆蓋）,2051_體感溫度_臺北市北投區.png,已截圖
2026-10-04 23:00:00,3_熱傷害,縣市,臺北市,否,,,無,,,由佐證檔復原（原紀錄於 10/6 被覆蓋）；縣市燈號取各區最高；資料檔 2300_熱傷害_臺北市資料.json,2300_熱傷害_臺北市.png,已截圖
2026-10-04 23:00:00,3_熱傷害,行政區,臺北市松山區,否,,,無,,,由佐證檔復原（原紀錄於 10/6 被覆蓋）,2300_熱傷害_臺北市松山區.png,已截圖
2026-10-04 23:00:00,3_熱傷害,行政區,臺北市信義區,否,,,無,,,由佐證檔復原（原紀錄於 10/6 被覆蓋）,2300_熱傷害_臺北市信義區.png,已截圖
2026-10-04 23:00:00,3_熱傷害,行政區,臺北市大安區,否,,,無,,,由佐證檔復原（原紀錄於 10/6 被覆蓋）,2300_熱傷害_臺北市大安區.png,已截圖
2026-10-04 23:00:00,3_熱傷害,行政區,臺北市中山區,否,,,無,,,由佐證檔復原（原紀錄於 10/6 被覆蓋）,2300_熱傷害_臺北市中山區.png,已截圖
2026-10-04 23:00:00,3_熱傷害,行政區,臺北市中正區,否,,,無,,,由佐證檔復原（原紀錄於 10/6 被覆蓋）,2300_熱傷害_臺北市中正區.png,已截圖
2026-10-04 23:00:00,3_熱傷害,行政區,臺北市大同區,否,,,無,,,由佐證檔復原（原紀錄於 10/6 被覆蓋）,2300_熱傷害_臺北市大同區.png,已截圖
2026-10-04 23:00:00,3_熱傷害,行政區,臺北市萬華區,否,,,無,,,由佐證檔復原（原紀錄於 10/6 被覆蓋）,2300_熱傷害_臺北市萬華區.png,已截圖
2026-10-04 23:00:00,3_熱傷害,行政區,臺北市文山區,否,,,無,,,由佐證檔復原（原紀錄於 10/6 被覆蓋）,2300_熱傷害_臺北市文山區.png,已截圖
2026-10-04 23:00:00,3_熱傷害,行政區,臺北市南港區,否,,,無,,,由佐證檔復原（原紀錄於 10/6 被覆蓋）,2300_熱傷害_臺北市南港區.png,已截圖
2026-10-04 23:00:00,3_熱傷害,行政區,臺北市內湖區,否,,,無,,,由佐證檔復原（原紀錄於 10/6 被覆蓋）,2300_熱傷害_臺北市內湖區.png,已截圖
2026-10-04 23:00:00,3_熱傷害,行政區,臺北市士林區,否,,,無,,,由佐證檔復原（原紀錄於 10/6 被覆蓋）,2300_熱傷害_臺北市士林區.png,已截圖
2026-10-04 23:00:00,3_熱傷害,行政區,臺北市北投區,否,,,無,,,由佐證檔復原（原紀錄於 10/6 被覆蓋）,2300_熱傷害_臺北市北投區.png,已截圖
2026-10-06 11:53:17,1_縣市溫度極值,縣市,臺北市,,2026/10/06 11:52:13,2026/10/04 00:00～2026/10/04 23:59,,,34.1,"資料日期2026-10-04(前日)；觀測時間15:00
13:54；測站科教館
臺北(C0A77
46692) 臺北市士林區士商路189號（士林科教館樓頂）
臺北市中正區公園路64號；#SDay:前日；#STemp:高溫",1153_縣市溫度極值_前日_高溫.png,已截圖
