行政區,項目,07時,08時,09時,10時,11時,12時,13時,14時,15時,16時,17時,18時,最高
臺北市松山區,體感溫度,,32,30,29,28,27,27,27,27,27,27,26,32
臺北市松山區,溫度,26,28,26,25,25,25,24,24,24,24,24,23,28
臺北市信義區,體感溫度,,32,30,29,28,27,27,27,27,27,27,26,32
臺北市信義區,溫度,26,28,26,25,25,25,24,24,24,24,24,23,28
臺北市大安區,體感溫度,,32,31,29,29,28,27,28,27,27,26,27,32
臺北市大安區,溫度,26,28,27,25,25,25,24,24,24,24,24,23,28
臺北市中山區,體感溫度,,33,31,30,29,28,28,29,28,29,28,27,33
臺北市中山區,溫度,27,28,26,25,25,25,24,25,25,24,24,24,28
臺北市中正區,體感溫度,,32,31,29,29,28,28,28,28,28,27,27,32
臺北市中正區,溫度,27,28,27,25,25,25,24,25,24,24,24,24,28
臺北市大同區,體感溫度,,33,31,30,30,29,28,29,29,29,29,28,33
臺北市大同區,溫度,27,28,26,26,25,25,24,25,25,25,25,24,28
臺北市萬華區,體感溫度,,33,31,30,30,29,28,29,29,28,27,27,33
臺北市萬華區,溫度,27,28,27,26,25,25,24,25,25,24,24,24,28
臺北市文山區,體感溫度,,32,30,29,29,28,27,27,27,27,27,27,32
臺北市文山區,溫度,25,27,26,25,25,24,24,24,24,24,23,23,27
臺北市南港區,體感溫度,,32,29,28,28,27,27,26,27,27,26,26,32
臺北市南港區,溫度,26,27,25,25,25,25,24,24,24,24,23,23,27
臺北市內湖區,體感溫度,,32,29,29,28,27,27,27,27,27,27,26,32
臺北市內湖區,溫度,26,27,26,25,25,25,24,24,24,24,24,23,27
臺北市士林區,體感溫度,,32,31,30,30,29,29,29,29,29,29,28,32
臺北市士林區,溫度,27,28,26,25,25,25,24,25,25,25,25,24,28
臺北市北投區,體感溫度,,31,30,30,30,29,27,29,29,28,29,28,31
臺北市北投區,溫度,27,27,26,26,25,25,24,25,25,25,25,24,27
